<root>
  <events>
    <event id="5c2a1b0831cd4619954b5a8e7cf25577" type="每一天" date="每天" time="17:20" sort="1">评估晚上的加班情况</event>
    <event id="6e3714b938de4a63bf7834230bcdd046" type="每一天" date="每天" time="17:55" sort="2">填写工作日志</event>
    <event id="0713d60f2373487db4c36e70ec8d6dd3" type="每一天" date="每天" time="11:45" sort="3">午饭时间</event>
    <event id="db6789bb9beb4f818adf80fe622266f9" type="仅一次" date="2015-02-11" time="15:58" sort="4">支付宝</event>
    <event id="dd496654e07647d3aa064e1b658a9239" type="仅一次" date="2015-02-11" time="15:57" sort="5">支付宝</event>
  </events>
</root>