﻿<?xml version="1.0" encoding="utf-8"?>
<settings>
  <menu_item>#EBEBEB</menu_item>
  <menu_item_area>#D4D6E2</menu_item_area>
  <task_pending>#FF8080</task_pending>
  <menu_item_active>#BEC0CC</menu_item_active>
  <task_resolved>#939393</task_resolved>
  <content_selection_backcolor>#EAEAEA</content_selection_backcolor>
  <task_inprogress>#008000</task_inprogress>
  <content_selection_forecolor>#404040</content_selection_forecolor>
  <control_area>#BEC0CC</control_area>
  <content_area>#DFE1EC</content_area>
</settings>