{"schema":5,"addons":[{"id":"selenium_ide_buttons@egarracingteam.com.ar","icons":{"32":"https://addons.cdn.mozilla.net/user-media/addon_icons/46/46131-32.png?modified=1396626677","64":"https://addons.cdn.mozilla.net/user-media/addon_icons/46/46131-64.png?modified=1396626677"},"name":"Selenium IDE Button","type":"extension","version":"1.2.0","repositoryStatus":4,"creator":{"name":"Alejandro Brizuela","url":"https://addons.mozilla.org/en-US/firefox/user/abrizuela/?src=api"},"description":"Just one simple toolbar button to open Selenium IDE. You need to have installed Selenium IDE: http://seleniumhq.org/projects/ide/","fullDescription":"Just one simple toolbar button to open Selenium IDE. This button appears in the customization of the toolbar. To acces in there you must go View > Toolbar > Customize.","isPlatformCompatible":true,"eula":null,"screenshots":[{"url":"https://addons.cdn.mozilla.net/user-media/previews/full/56/56279.png?src=api&modified=1335387370","width":"380","height":"99","thumbnailURL":"https://addons.cdn.mozilla.net/user-media/previews/thumbs/56/56279.png?src=api&modified=1335387370","thumbnailWidth":"200","thumbnailHeight":"52","caption":"New menu-button"},{"url":"https://addons.cdn.mozilla.net/user-media/previews/full/56/56280.png?src=api&modified=1335387370","width":"377","height":"138","thumbnailURL":"https://addons.cdn.mozilla.net/user-media/previews/thumbs/56/56280.png?src=api&modified=1335387370","thumbnailWidth":"200","thumbnailHeight":"73","caption":"New menu-button"},{"url":"https://addons.cdn.mozilla.net/user-media/previews/full/56/56281.png?src=api&modified=1335387370","width":"561","height":"430","thumbnailURL":"https://addons.cdn.mozilla.net/user-media/previews/thumbs/56/56281.png?src=api&modified=1335387370","thumbnailWidth":"195","thumbnailHeight":"150"},{"url":"https://addons.cdn.mozilla.net/user-media/previews/full/70/70358.png?src=api&modified=1335387370","width":"504","height":"52","thumbnailURL":"https://addons.cdn.mozilla.net/user-media/previews/thumbs/70/70358.png?src=api&modified=1335387370","thumbnailWidth":"200","thumbnailHeight":"20","caption":"Preferences"}],"averageRating":5,"learnmoreURL":"https://addons.mozilla.org/en-US/firefox/addon/selenium-ide-button/?src=api","homepageURL":"https://addons.mozilla.org/en-US/firefox/addon/selenium-ide-button/","sourceURI":"https://addons.mozilla.org/firefox/downloads/file/149875/selenium_ide_button-1.2.0-fx.xpi?src=api","size":20480,"contributionURL":"https://addons.mozilla.org/en-US/firefox/addon/selenium-ide-button/developers?src=api","contributionAmount":"$1.99","developerComments":null,"reviewURL":"https://addons.mozilla.org/en-US/firefox/addon/selenium-ide-button/reviews/?src=api","reviewCount":7,"totalDownloads":410424,"weeklyDownloads":3547,"dailyUsers":26844,"updateDate":1335373564000,"supportURL":null},{"id":"clearConsole@penzil.com","icons":{"32":"https://addons.cdn.mozilla.net/user-media/addon_icons/409/409964-32.png?modified=1384238844","64":"https://addons.cdn.mozilla.net/user-media/addon_icons/409/409964-64.png?modified=1384238844"},"name":"Clear Console","type":"extension","version":"1.11","repositoryStatus":4,"creator":{"name":"Rejah Rehim A A","url":"https://addons.mozilla.org/en-US/firefox/user/Rejah/?src=api"},"developers":[{"name":"Sreenath Sasikumar","url":"https://addons.mozilla.org/en-US/firefox/user/sreenathsasikumar/?src=api"},{"name":"QBurst","url":"https://addons.mozilla.org/en-US/firefox/user/QBurst/?src=api"}],"description":"One click to clear your cache, cookies, history, html5/local storage, http logins, all of them or restart your browser with/without notifications.","fullDescription":"Clear Console addon provides options to clear your cookies, cache, history, html5/local storage, http logins, all of them or restart your browser in a single click\n\nThe addon also provides options to\n- enable/disable notifications\n- set preferences upon closing the browser","isPlatformCompatible":true,"eula":null,"screenshots":[{"url":"https://addons.cdn.mozilla.net/user-media/previews/full/109/109917.png?src=api&modified=1375977600","width":"328","height":"258","thumbnailURL":"https://addons.cdn.mozilla.net/user-media/previews/thumbs/109/109917.png?src=api&modified=1375977600","thumbnailWidth":"191","thumbnailHeight":"150","caption":"Toolbar button"},{"url":"https://addons.cdn.mozilla.net/user-media/previews/full/109/109918.png?src=api&modified=1375977600","width":"284","height":"305","thumbnailURL":"https://addons.cdn.mozilla.net/user-media/previews/thumbs/109/109918.png?src=api&modified=1375977600","thumbnailWidth":"140","thumbnailHeight":"150","caption":"Clear console settings"},{"url":"https://addons.cdn.mozilla.net/user-media/previews/full/83/83284.png?src=api&modified=1375977600","width":"320","height":"362","thumbnailURL":"https://addons.cdn.mozilla.net/user-media/previews/thumbs/83/83284.png?src=api&modified=1375977600","thumbnailWidth":"133","thumbnailHeight":"150","caption":"Options"}],"averageRating":4,"learnmoreURL":"https://addons.mozilla.org/en-US/firefox/addon/clear-console/?src=api","homepageURL":"http://penzil-clearconsole.blogspot.com","sourceURI":"https://addons.mozilla.org/firefox/downloads/file/275098/clear_console-1.11-fx.xpi?src=api","size":58381,"developerComments":null,"reviewURL":"https://addons.mozilla.org/en-US/firefox/addon/clear-console/reviews/?src=api","reviewCount":53,"totalDownloads":494448,"weeklyDownloads":2737,"dailyUsers":41387,"updateDate":1410065113000,"supportURL":null},{"id":"hardrefresh@ttg.org","icons":{"32":"https://addons.cdn.mozilla.net/user-media/addon_icons/252/252583-32.png?modified=1389273955","64":"https://addons.cdn.mozilla.net/user-media/addon_icons/252/252583-64.png?modified=1389273955"},"name":"Hard Refresh","type":"extension","version":"1.2","repositoryStatus":4,"creator":{"name":"the_three_geeks","url":"https://addons.mozilla.org/en-US/firefox/user/the_three_geeks/?src=api"},"description":"A new context menu (menu appeared at right click) item dedicated for doing a hard refresh. Now with a button (must add to toolbar manually)","fullDescription":"This add-on adds a new menu item at the context menu (menu appeared at right click) for doing a hard refresh (CTRL+F5) of the web page. This is useful when you're developing a website and sometimes need to do a hard refresh to prevent retrieving the content from cache. Of course you can press ctrl+f5 but sometimes clicking can be convenient. Also, there's a \"reload\" menu item anyway so why not \"hard refresh\" too? ;)\nFrom version 1.2, a button can be added by going to Firefox>Options>Toolbar layout and drag the icon to where you want it.","isPlatformCompatible":true,"eula":null,"screenshots":[{"url":"https://addons.cdn.mozilla.net/user-media/previews/full/50/50857.png?src=api&modified=1331247702","width":"700","height":"487","thumbnailURL":"https://addons.cdn.mozilla.net/user-media/previews/thumbs/50/50857.png?src=api&modified=1331247702","thumbnailWidth":"200","thumbnailHeight":"139","caption":"A new menu item \"Hard Refresh\" appears below the default reload menu when you right click on non-image, non-input field, and non-link areas."}],"averageRating":4,"learnmoreURL":"https://addons.mozilla.org/en-US/firefox/addon/hard-refresh/?src=api","homepageURL":"https://addons.mozilla.org/en-US/firefox/addon/hard-refresh/?src=api","sourceURI":"https://addons.mozilla.org/firefox/downloads/file/238970/hard_refresh-1.2-fx.xpi?src=api","size":5077,"developerComments":"This is our first add-on so please be kind. ^^","reviewURL":"https://addons.mozilla.org/en-US/firefox/addon/hard-refresh/reviews/?src=api","reviewCount":15,"totalDownloads":48025,"weeklyDownloads":486,"dailyUsers":4065,"updateDate":1389225386000,"supportURL":null},{"id":"firefinder@robertnyman.com","icons":{"32":"https://addons.cdn.mozilla.net/user-media/addon_icons/11/11905-32.png?modified=1364408425","64":"https://addons.cdn.mozilla.net/user-media/addon_icons/11/11905-64.png?modified=1364408425"},"name":"Firefinder for Firebug","type":"extension","version":"1.4","repositoryStatus":4,"creator":{"name":"Robert Nyman","url":"https://addons.mozilla.org/en-US/firefox/user/robert-nyman/?src=api"},"description":"Finds HTML elements matching chosen CSS selector(s) or XPath expression","fullDescription":"Firefinder is an add-on to Firebug, to help find HTML elements matching chosen CSS selector(s) or XPath expression. You can also auto-select elements when hovering or via the context menu.\n\nView the results and then share them with a friend via the FriendlyFire feature, or click Inspect to go to the corresponding element in Firebug's HTML tab.","isPlatformCompatible":true,"eula":null,"screenshots":[{"url":"https://addons.cdn.mozilla.net/user-media/previews/full/36/36551.png?src=api&modified=1331247702","width":"700","height":"229","thumbnailURL":"https://addons.cdn.mozilla.net/user-media/previews/thumbs/36/36551.png?src=api&modified=1331247702","thumbnailWidth":"200","thumbnailHeight":"65","caption":"A picture of Firefinder when a filtering for DIV elements has been performed"},{"url":"https://addons.cdn.mozilla.net/user-media/previews/full/36/36552.png?src=api&modified=1331247702","width":"700","height":"229","thumbnailURL":"https://addons.cdn.mozilla.net/user-media/previews/thumbs/36/36552.png?src=api&modified=1331247702","thumbnailWidth":"200","thumbnailHeight":"65","caption":"A picture of Firefinder when the FriendlyFire feature has just been invoked"},{"url":"https://addons.cdn.mozilla.net/user-media/previews/full/36/36575.png?src=api&modified=1331247702","width":"700","height":"88","thumbnailURL":"https://addons.cdn.mozilla.net/user-media/previews/thumbs/36/36575.png?src=api&modified=1331247702","thumbnailWidth":"200","thumbnailHeight":"25","caption":"A picture of the FriendlyFire workflow"}],"averageRating":3,"learnmoreURL":"https://addons.mozilla.org/en-US/firefox/addon/firefinder-for-firebug/?src=api","homepageURL":"http://robertnyman.com/firefinder/","sourceURI":"https://addons.mozilla.org/firefox/downloads/file/200250/firefinder_for_firebug-1.4-fx.xpi?src=api","size":30370,"contributionURL":"https://addons.mozilla.org/en-US/firefox/addon/firefinder-for-firebug/developers?src=api","contributionAmount":"$1.00","developerComments":null,"reviewURL":"https://addons.mozilla.org/en-US/firefox/addon/firefinder-for-firebug/reviews/?src=api","reviewCount":26,"totalDownloads":705341,"weeklyDownloads":1721,"dailyUsers":31463,"updateDate":1364405537000,"supportURL":"http://groups.google.com/group/firefinder"},{"id":"firebug@software.joehewitt.com","icons":{"32":"https://addons.cdn.mozilla.net/user-media/addon_icons/1/1843-32.png?modified=1402414382","64":"https://addons.cdn.mozilla.net/user-media/addon_icons/1/1843-64.png?modified=1402414382"},"compatibilityOverrides":[{"type":"incompatible","minVersion":"0","maxVersion":"1.7.3","appID":"{ec8030f7-c20a-464f-9b0e-13a3a9e97384}","appMinVersion":"6.0a1","appMaxVersion":"*"}],"name":"Firebug","type":"extension","version":"2.0.4","repositoryStatus":4,"creator":{"name":"Joe Hewitt","url":"https://addons.mozilla.org/en-US/firefox/user/joe-hewitt/?src=api"},"developers":[{"name":"Jan Odvarko","url":"https://addons.mozilla.org/en-US/firefox/user/jan-odvarko/?src=api"},{"name":"robcee","url":"https://addons.mozilla.org/en-US/firefox/user/robcee/?src=api"},{"name":"FirebugWorkingGroup","url":"https://addons.mozilla.org/en-US/firefox/user/firebugworkinggroup/?src=api"}],"description":"Firebug integrates with Firefox to put a wealth of development tools at your fingertips while you browse. You can edit, debug, and monitor CSS, HTML, and JavaScript live in any web page...","fullDescription":"Follow Firebug news on Twitter\n\nCompatibility table:\n\n    Firefox 3.6 with Firebug 1.7.3\n    Firefox 4.0 with Firebug 1.7.3\n    Firefox 5.0 with Firebug 1.8.2 (and also Firebug 1.7.3)\n    Firefox 6.0 with Firebug 1.8.2 (and also Firebug 1.9)\n    Firefox 7.0 with Firebug 1.8.2 (and also Firebug 1.9)\n    Firefox 8.0 with Firebug 1.8.3 (and also Firebug 1.9)\n    Firefox 9.0 with Firebug 1.8.4 (and also Firebug 1.9)\n    Firefox 10.0 with Firebug 1.9\n    Firefox 11.0 with Firebug 1.9\n    Firefox 12.0 with Firebug 1.9\n    Firefox 13.0 with Firebug 1.10 (and also Firebug 1.9)\n    Firefox 14.0 with Firebug 1.10\n    Firefox 15.0 with Firebug 1.10\n    Firefox 16.0 with Firebug 1.10\n    Firefox 17.0 with Firebug 1.11 (and also Firebug 1.10)\n    Firefox 18.0 with Firebug 1.11\n    Firefox 19.0 with Firebug 1.11\n    Firefox 20.0 with Firebug 1.11\n    Firefox 21.0 with Firebug 1.11\n    Firefox 22.0 with Firebug 1.11\n    Firefox 23.0 with Firebug 1.12 (and also Firebug 1.11)\n    Firefox 24.0 with Firebug 1.12\n    Firefox 25.0 with Firebug 1.12\n    Firefox 26.0 with Firebug 1.12\n    Firefox 27.0 with Firebug 1.12\n    Firefox 28.0 with Firebug 1.12\n    Firefox 29.0 with Firebug 1.12\n    Firefox 30.0 with Firebug 2.0 (and also Firebug 1.12)\n    Firefox 31.0 with Firebug 2.0 (and also Firebug 1.12)\n    Firefox 32.0 with Firebug 2.0 (and also Firebug 1.12)\n\n\nFirebug integrates with Firefox to put a wealth of development tools at your fingertips while you browse. You can edit, debug, and monitor CSS, HTML, and JavaScript live in any web page.\n\nVisit the Firebug website for documentation and screen shots: http://getfirebug.com\nAsk questions on Firebug newsgroup: https://groups.google.com/forum/#!forum/firebug\nReport an issue: http://code.google.com/p/fbug/issues/list\n\nPlease note that bug reports or feature requests in comments on this page won't be tracked. Use the issue tracker or Firebug newsgroup instead thanks!","isPlatformCompatible":true,"eula":null,"screenshots":[{"url":"https://addons.cdn.mozilla.net/user-media/previews/full/52/52710.png?src=api&modified=1295279900","width":"700","height":"330","thumbnailURL":"https://addons.cdn.mozilla.net/user-media/previews/thumbs/52/52710.png?src=api&modified=1295279900","thumbnailWidth":"200","thumbnailHeight":"94","caption":"Command line and its auto-completion."},{"url":"https://addons.cdn.mozilla.net/user-media/previews/full/52/52711.png?src=api&modified=1295279900","width":"700","height":"330","thumbnailURL":"https://addons.cdn.mozilla.net/user-media/previews/thumbs/52/52711.png?src=api&modified=1295279900","thumbnailWidth":"200","thumbnailHeight":"94","caption":"Console panel with an example error logs."},{"url":"https://addons.cdn.mozilla.net/user-media/previews/full/52/52712.png?src=api&modified=1295279900","width":"700","height":"330","thumbnailURL":"https://addons.cdn.mozilla.net/user-media/previews/thumbs/52/52712.png?src=api&modified=1295279900","thumbnailWidth":"200","thumbnailHeight":"94","caption":"CSS panel with inline editor."},{"url":"https://addons.cdn.mozilla.net/user-media/previews/full/52/52713.png?src=api&modified=1295279900","width":"700","height":"330","thumbnailURL":"https://addons.cdn.mozilla.net/user-media/previews/thumbs/52/52713.png?src=api&modified=1295279900","thumbnailWidth":"200","thumbnailHeight":"94","caption":"DOM panel displays structure of the current page."},{"url":"https://addons.cdn.mozilla.net/user-media/previews/full/52/52714.png?src=api&modified=1295279900","width":"700","height":"330","thumbnailURL":"https://addons.cdn.mozilla.net/user-media/previews/thumbs/52/52714.png?src=api&modified=1295279900","thumbnailWidth":"200","thumbnailHeight":"94","caption":"HTML panel shows markup of the current page."},{"url":"https://addons.cdn.mozilla.net/user-media/previews/full/52/52715.png?src=api&modified=1295279900","width":"700","height":"330","thumbnailURL":"https://addons.cdn.mozilla.net/user-media/previews/thumbs/52/52715.png?src=api&modified=1295279900","thumbnailWidth":"200","thumbnailHeight":"94","caption":"Layout panel reveals layout of selected elements."},{"url":"https://addons.cdn.mozilla.net/user-media/previews/full/52/52716.png?src=api&modified=1295279900","width":"700","height":"330","thumbnailURL":"https://addons.cdn.mozilla.net/user-media/previews/thumbs/52/52716.png?src=api&modified=1295279900","thumbnailWidth":"200","thumbnailHeight":"94","caption":"Net panel monitors HTTP communication."},{"url":"https://addons.cdn.mozilla.net/user-media/previews/full/52/52717.png?src=api&modified=1295279901","width":"700","height":"330","thumbnailURL":"https://addons.cdn.mozilla.net/user-media/previews/thumbs/52/52717.png?src=api&modified=1295279901","thumbnailWidth":"200","thumbnailHeight":"94","caption":"Script panel allows to explore and debug JavaScript on the current page."}],"averageRating":5,"learnmoreURL":"https://addons.mozilla.org/en-US/firefox/addon/firebug/?src=api","homepageURL":"http://getfirebug.com/","sourceURI":"https://addons.mozilla.org/firefox/downloads/file/274666/firebug-2.0.4-fx.xpi?src=api","size":4222513,"contributionURL":"https://addons.mozilla.org/en-US/firefox/addon/firebug/developers?src=api","contributionAmount":"$10.00","developerComments":"If you have any problems, please read the Firebug FAQ.\n\nhttps://getfirebug.com/faq","reviewURL":"https://addons.mozilla.org/en-US/firefox/addon/firebug/reviews/?src=api","reviewCount":1671,"totalDownloads":70154839,"weeklyDownloads":181458,"dailyUsers":2709095,"updateDate":1409953241000,"supportURL":"http://getfirebug.com"},{"id":"useragentoverrider@qixinglu.com","icons":{"32":"https://addons.cdn.mozilla.net/user-media/addon_icons/429/429678-32.png?modified=1401530588","64":"https://addons.cdn.mozilla.net/user-media/addon_icons/429/429678-64.png?modified=1401530588"},"name":"User Agent Overrider","type":"extension","version":"0.2.4","repositoryStatus":4,"creator":{"name":"muzuiget","url":"https://addons.mozilla.org/en-US/firefox/user/muzuiget/?src=api"},"description":"Override browser user agent string","fullDescription":"This simple extension is GUI tool to quickly change the about:config perference entry general.useragent.override.\n\nNote: After first install, you should click the triangle on the toolbar button, select a User-Agent in the popup menu, then the extension begin to working.\n\nYou also can add your user agent strings, please read the wiki.\n\nYou should know what User-Agent is, and what side effect after it is changed. Please don't complain or report any bug about website is broken.","isPlatformCompatible":true,"eula":null,"screenshots":[{"url":"https://addons.cdn.mozilla.net/user-media/previews/full/98/98350.png?src=api&modified=1367443469","width":"340","height":"230","thumbnailURL":"https://addons.cdn.mozilla.net/user-media/previews/thumbs/98/98350.png?src=api&modified=1367443469","thumbnailWidth":"200","thumbnailHeight":"135","caption":"button"},{"url":"https://addons.cdn.mozilla.net/user-media/previews/full/98/98352.png?src=api&modified=1367443470","width":"429","height":"249","thumbnailURL":"https://addons.cdn.mozilla.net/user-media/previews/thumbs/98/98352.png?src=api&modified=1367443470","thumbnailWidth":"200","thumbnailHeight":"116","caption":"preferences"}],"averageRating":4,"learnmoreURL":"https://addons.mozilla.org/en-US/firefox/addon/user-agent-overrider/?src=api","homepageURL":"https://github.com/muzuiget/user_agent_overrider","sourceURI":"https://addons.mozilla.org/firefox/downloads/file/259260/user_agent_overrider-0.2.4-fx.xpi?src=api","size":23446,"developerComments":"This extension is host on Github\n\nhttps://github.com/muzuiget/user_agent_overrider\n\nAnd the localization host on Transifex, feel free to help.\n\nhttps://www.transifex.com/projects/p/user_agent_overrider/","reviewURL":"https://addons.mozilla.org/en-US/firefox/addon/user-agent-overrider/reviews/?src=api","reviewCount":26,"totalDownloads":252583,"weeklyDownloads":6925,"dailyUsers":44398,"updateDate":1401535657000,"supportURL":null}]}