{"schemaVersion":16,"addons":[{"id":"useragentoverrider@qixinglu.com","syncGUID":"wP1KziQsXVqH","location":"app-profile","version":"0.2.4","type":"extension","internalName":null,"updateURL":null,"updateKey":null,"optionsURL":"chrome://useragentoverrider/content/options.xul","optionsType":null,"aboutURL":null,"iconURL":null,"icon64URL":null,"defaultLocale":{"name":"User Agent Overrider","description":"Override browser User-Agent string","creator":"muzuiget","homepageURL":null},"visible":true,"active":true,"userDisabled":false,"appDisabled":false,"descriptor":"E:\\selenium-2.42.2\\firefoxProfileTemplate\\extensions\\useragentoverrider@qixinglu.com.xpi","installDate":1407289517097,"updateDate":1407289517097,"applyBackgroundUpdates":1,"bootstrap":true,"size":43147,"sourceURI":"https://addons.mozilla.org/firefox/downloads/file/259260/user_agent_overrider-0.2.4-fx.xpi?src=api","releaseNotesURI":null,"softDisabled":false,"foreignInstall":false,"hasBinaryComponents":false,"strictCompatibility":false,"locales":[{"locales":["zh-CN"],"name":"User Agent Overrider","description":"修改浏览器的 User-Agent 字符串","creator":null,"homepageURL":null},{"locales":["zh-TW"],"name":"User Agent Overrider","description":"修改瀏覽器的 User-Agent 字符串","creator":null,"homepageURL":null},{"locales":["es-ES"],"name":"Modificador del User Agent","description":"Te permite sobrescribir el User Agent del navegador","creator":null,"homepageURL":null,"translators":["dpzaba"]},{"locales":["ro"],"name":"User Agent Overrider","description":"Înlocuiește șirul pentru Agent-Utilizator al navigatorului","creator":null,"homepageURL":null,"translators":["roentgen"]},{"locales":["bg"],"name":"User Agent Overrider","description":"Подмяна на User-Agent на браузъра","creator":null,"homepageURL":null,"translators":["RealEnder"]}],"targetApplications":[{"id":"{ec8030f7-c20a-464f-9b0e-13a3a9e97384}","minVersion":"17.0","maxVersion":"32.*"}],"targetPlatforms":[]},{"id":"firefinder@robertnyman.com","syncGUID":"oCaS-uhcLvFL","location":"app-profile","version":"1.4","type":"extension","internalName":null,"updateURL":null,"updateKey":null,"optionsURL":null,"optionsType":null,"aboutURL":null,"iconURL":"chrome://firefinder/skin/logo.png","icon64URL":null,"defaultLocale":{"name":"Firefinder for Firebug","description":"Finds HTML elements matching chosen CSS selector(s) or XPath expression","creator":"Robert Nyman","homepageURL":"http://robertnyman.com/firefinder/"},"visible":true,"active":true,"userDisabled":false,"appDisabled":false,"descriptor":"E:\\selenium-2.42.2\\firefoxProfileTemplate\\extensions\\firefinder@robertnyman.com.xpi","installDate":1407292546556,"updateDate":1407292546556,"applyBackgroundUpdates":1,"bootstrap":false,"size":66683,"sourceURI":null,"releaseNotesURI":null,"softDisabled":false,"foreignInstall":true,"hasBinaryComponents":false,"strictCompatibility":false,"locales":[],"targetApplications":[{"id":"{ec8030f7-c20a-464f-9b0e-13a3a9e97384}","minVersion":"3.5","maxVersion":"32.*"}],"targetPlatforms":[]},{"id":"csharpformatters@seleniumhq.org","syncGUID":"YJtUi87IBjSS","location":"app-profile","version":"2.5.0","type":"extension","internalName":null,"updateURL":"https://addons.seleniumhq.org/csharp-formatter/update.rdf","updateKey":null,"optionsURL":null,"optionsType":null,"aboutURL":null,"iconURL":null,"icon64URL":null,"defaultLocale":{"name":"Selenium IDE: C# Formatters","description":"C# code formatters for Selenium IDE","creator":"Adam Goucher","homepageURL":"http://seleniumhq.org/projects/ide","developers":["Samit Badle"]},"visible":true,"active":false,"userDisabled":true,"appDisabled":false,"descriptor":"E:\\selenium-2.42.2\\firefoxProfileTemplate\\extensions\\csharpformatters@seleniumhq.org.xpi","installDate":1407311301441,"updateDate":1407311301441,"applyBackgroundUpdates":1,"bootstrap":false,"size":23856,"sourceURI":null,"releaseNotesURI":null,"softDisabled":false,"foreignInstall":true,"hasBinaryComponents":false,"strictCompatibility":false,"locales":[],"targetApplications":[{"id":"{ec8030f7-c20a-464f-9b0e-13a3a9e97384}","minVersion":"3.0","maxVersion":"26.*"}],"targetPlatforms":[]},{"id":"javaformatters@seleniumhq.org","syncGUID":"ur-HXgIXgVJM","location":"app-profile","version":"2.5.0","type":"extension","internalName":null,"updateURL":"https://addons.seleniumhq.org/java-formatter/update.rdf","updateKey":null,"optionsURL":null,"optionsType":null,"aboutURL":null,"iconURL":null,"icon64URL":null,"defaultLocale":{"name":"Selenium IDE: Java Formatters","description":"Java code formatters for Selenium IDE","creator":"Adam Goucher","homepageURL":"http://seleniumhq.org/projects/ide","developers":["Samit Badle"]},"visible":true,"active":true,"userDisabled":false,"appDisabled":false,"descriptor":"E:\\selenium-2.42.2\\firefoxProfileTemplate\\extensions\\javaformatters@seleniumhq.org.xpi","installDate":1407311301430,"updateDate":1407311301430,"applyBackgroundUpdates":1,"bootstrap":false,"size":40902,"sourceURI":null,"releaseNotesURI":null,"softDisabled":false,"foreignInstall":true,"hasBinaryComponents":false,"strictCompatibility":false,"locales":[],"targetApplications":[{"id":"{ec8030f7-c20a-464f-9b0e-13a3a9e97384}","minVersion":"3.0","maxVersion":"26.*"}],"targetPlatforms":[]},{"id":"pythonformatters@seleniumhq.org","syncGUID":"vul7VY18_FSK","location":"app-profile","version":"2.5.0","type":"extension","internalName":null,"updateURL":"https://addons.seleniumhq.org/python-formatter/update.rdf","updateKey":null,"optionsURL":null,"optionsType":null,"aboutURL":null,"iconURL":null,"icon64URL":null,"defaultLocale":{"name":"Selenium IDE: Python Formatters","description":"Python code formatters for Selenium IDE","creator":"Adam Goucher","homepageURL":"http://seleniumhq.org/projects/ide","developers":["Samit Badle"]},"visible":true,"active":true,"userDisabled":false,"appDisabled":false,"descriptor":"E:\\selenium-2.42.2\\firefoxProfileTemplate\\extensions\\pythonformatters@seleniumhq.org.xpi","installDate":1407311301440,"updateDate":1407311301440,"applyBackgroundUpdates":1,"bootstrap":false,"size":23510,"sourceURI":null,"releaseNotesURI":null,"softDisabled":false,"foreignInstall":true,"hasBinaryComponents":false,"strictCompatibility":false,"locales":[],"targetApplications":[{"id":"{ec8030f7-c20a-464f-9b0e-13a3a9e97384}","minVersion":"3.0","maxVersion":"26.*"}],"targetPlatforms":[]},{"id":"rubyformatters@seleniumhq.org","syncGUID":"rbBRcc3_jie9","location":"app-profile","version":"2.5.0","type":"extension","internalName":null,"updateURL":"https://addons.seleniumhq.org/ruby-formatter/update.rdf","updateKey":null,"optionsURL":null,"optionsType":null,"aboutURL":null,"iconURL":null,"icon64URL":null,"defaultLocale":{"name":"Selenium IDE: Ruby Formatters","description":"Ruby code formatters for Selenium IDE","creator":"Adam Goucher","homepageURL":"http://seleniumhq.org/projects/ide","developers":["Samit Badle"]},"visible":true,"active":false,"userDisabled":true,"appDisabled":false,"descriptor":"E:\\selenium-2.42.2\\firefoxProfileTemplate\\extensions\\rubyformatters@seleniumhq.org.xpi","installDate":1407311301429,"updateDate":1407311301429,"applyBackgroundUpdates":1,"bootstrap":false,"size":43867,"sourceURI":null,"releaseNotesURI":null,"softDisabled":false,"foreignInstall":true,"hasBinaryComponents":false,"strictCompatibility":false,"locales":[],"targetApplications":[{"id":"{ec8030f7-c20a-464f-9b0e-13a3a9e97384}","minVersion":"3.0","maxVersion":"26.*"}],"targetPlatforms":[]},{"id":"selenium_ide_buttons@egarracingteam.com.ar","syncGUID":"GO_pW_F4AdIa","location":"app-profile","version":"1.2.0","type":"extension","internalName":null,"updateURL":null,"updateKey":null,"optionsURL":"chrome://selenium_ide_button/content/options.xul","optionsType":"2","aboutURL":null,"iconURL":"chrome://selenium_ide_button/content/selenium-ide-button-logo_48.png","icon64URL":"chrome://selenium_ide_button/content/selenium-ide-button-logo_64.png","defaultLocale":{"name":"Selenium IDE Button","description":null,"creator":null,"homepageURL":null},"visible":true,"active":true,"userDisabled":false,"appDisabled":false,"descriptor":"E:\\selenium-2.42.2\\firefoxProfileTemplate\\extensions\\selenium_ide_buttons@egarracingteam.com.ar.xpi","installDate":1407311235327,"updateDate":1407311235327,"applyBackgroundUpdates":1,"bootstrap":false,"size":21600,"sourceURI":null,"releaseNotesURI":null,"softDisabled":false,"foreignInstall":true,"hasBinaryComponents":false,"strictCompatibility":false,"locales":[{"locales":["es-ES"],"name":"Selenium IDE Button","description":"Un boton para abrir Selenium IDE.","creator":"Alejandro Brizuela","homepageURL":null,"translators":["Santiago Suarez Ordonez"]},{"locales":["en-US"],"name":"Selenium IDE Button","description":"One button to open Selenium IDE.","creator":"Alejandro Brizuela","homepageURL":null,"translators":["Santiago Suarez Ordonez"]}],"targetApplications":[{"id":"{ec8030f7-c20a-464f-9b0e-13a3a9e97384}","minVersion":"4.0","maxVersion":"32.*"}],"targetPlatforms":[]},{"id":"{a6fd85ed-e919-4a43-a5af-8da18bda539f}","syncGUID":"918xnH5R_5j1","location":"app-profile","version":"2.5.0","type":"extension","internalName":null,"updateURL":"https://addons.seleniumhq.org/se-ide/update.rdf","updateKey":null,"optionsURL":"chrome://selenium-ide/content/optionsDialog.xul","optionsType":null,"aboutURL":null,"iconURL":"chrome://selenium-ide/content/images/selenium-ide-logo32.png","icon64URL":null,"defaultLocale":{"name":"Selenium IDE","description":"Record, edit and play Selenium tests","creator":"Shinya Kasatani","homepageURL":"http://seleniumhq.org/projects/ide","developers":["Adam Goucher","Samit Badle","Dave Hunt"]},"visible":true,"active":true,"userDisabled":false,"appDisabled":false,"descriptor":"E:\\selenium-2.42.2\\firefoxProfileTemplate\\extensions\\{a6fd85ed-e919-4a43-a5af-8da18bda539f}.xpi","installDate":1407311301438,"updateDate":1407311301438,"applyBackgroundUpdates":1,"bootstrap":false,"size":2601690,"sourceURI":null,"releaseNotesURI":null,"softDisabled":false,"foreignInstall":true,"hasBinaryComponents":false,"strictCompatibility":false,"locales":[{"locales":["fr-FR"],"name":"Selenium IDE","description":"Enregistrer, modifier et exécuter des tests Selenium","creator":null,"homepageURL":null}],"targetApplications":[{"id":"{ec8030f7-c20a-464f-9b0e-13a3a9e97384}","minVersion":"3.6.*","maxVersion":"26.*"}],"targetPlatforms":[]},{"id":"hardrefresh@ttg.org","syncGUID":"sFY1HWnSSS9r","location":"app-profile","version":"1.2","type":"extension","internalName":null,"updateURL":null,"updateKey":null,"optionsURL":null,"optionsType":null,"aboutURL":null,"iconURL":null,"icon64URL":null,"defaultLocale":{"name":"Hard Refresh","description":"A new context menu (menu appeared at right click) item dedicated for doing a hard refresh.","creator":"The Three Geeks","homepageURL":null},"visible":true,"active":true,"userDisabled":false,"appDisabled":false,"descriptor":"E:\\selenium-2.42.2\\firefoxProfileTemplate\\extensions\\hardrefresh@ttg.org.xpi","installDate":1409213422534,"updateDate":1409213422534,"applyBackgroundUpdates":1,"bootstrap":false,"size":6490,"sourceURI":"https://addons.mozilla.org/firefox/downloads/file/238970/hard_refresh-1.2-fx.xpi?src=api","releaseNotesURI":null,"softDisabled":false,"foreignInstall":false,"hasBinaryComponents":false,"strictCompatibility":false,"locales":[],"targetApplications":[{"id":"{ec8030f7-c20a-464f-9b0e-13a3a9e97384}","minVersion":"2.0","maxVersion":"27.*"}],"targetPlatforms":[]},{"id":"firebug@software.joehewitt.com","syncGUID":"niDPHVIppaLo","location":"app-profile","version":"2.0.4","type":"extension","internalName":null,"updateURL":null,"updateKey":null,"optionsURL":null,"optionsType":null,"aboutURL":null,"iconURL":"chrome://firebug/skin/firebugBig.png","icon64URL":null,"defaultLocale":{"name":"Firebug","description":"Web Development Evolved. Firebug is free and open source software distributed under the BSD License.","creator":"Joe Hewitt","homepageURL":"http://www.getfirebug.com/","translators":["Leszek(teo)Zyczkowski (pl-PL)","markh (nl)","peter3 (sv-SE)","AlleyKat (da-DK)","Hector Zhao, lovelywcm (zh-CN)","Lukas Kucharczyk, Michal Kec (cs-CZ)","Team erweiterungen.de, ReinekeFux, Benedikt Langens, Sebastian Zartner (de-DE)","l0stintranslation, gonzalopirobutirro, Luigi Grilli (it-IT)","alexxed (ro-RO)","Nicolas Martin, Franck Marcia (fr-FR)","gLes (hu-HU)","Xavi Ivars - Softcatala (ca)","gezmen (tr-TR)","eternoendless (es-AR)","Dark Preacher (ru)","Tiago Oliveira, Diego de Carvalho Zimmermann, Alexandre Rapaki (pt-BR)","Juan Botias, Alvaro G. Vicario (es-ES)","Andriy Zhouck (uk-UA)","Hisateru Tanaka, k2jp (ja-JP)","Mohsen Shadroo (fa-IR)","Eduard Babayan (hy-AM)","Helder Magalhaes (pt-PT)","Tomaz Macus (sl-SI)","Stoyan Stefanov, Alexander Shopov (bg)","Kristjan Bjarni Guomundsson (is-IS)","NGUYEN Manh Hung (vi-VN)","Bwah (hr-HR)","Sonickydon (el)","David Gonzales (es)","DakSrbija (sr)","bootleq (zh-TW)","Asier Iturralde Sarasola, Julen Irazoki Oteiza (eu)"],"contributors":["John J. Barton (IBM Almaden)","Jan Odvarko (Mozilla Corp.)","Max Stepanov (Aptana Inc.)","Rob Campbell (Mozilla Corp.)","Hans Hillen (Paciello Group, Mozilla)","Curtis Bartley (Mozilla Corp.)","Mike Collins (IBM Almaden)","Kevin Decker","Mike Ratcliffe (Mozilla Corp.)","Hernan Rodriguez Colmeiro","Austin Andrews","Christoph Dorn","Steven Roussey (Illuminations for Developers)","Sebastian Zartner","Harutyun Amirjanyan","Simon Lindholm","Stampolidis Anastasios","Joe Walker (Mozilla Corp.)","Vladimir Zhuravlev","Farshid Beheshti","Leon Sorokin","Florent Fayolle","Hector Zhao","Bharath Thiruveedula","Nathan Mische","Belakhdar Abdeldjalil","Jakob Kaltenbrunner"]},"visible":true,"active":true,"userDisabled":false,"appDisabled":false,"descriptor":"E:\\selenium-2.42.2\\firefoxProfileTemplate\\extensions\\firebug@software.joehewitt.com.xpi","installDate":1407478949841,"updateDate":1410418019760,"applyBackgroundUpdates":1,"bootstrap":true,"size":15070558,"sourceURI":"https://addons.cdn.mozilla.net/user-media/addons/1843/firebug-2.0.4-fx.xpi","releaseNotesURI":"https://addons.mozilla.org/versions/updateInfo/1596468/en-US/","softDisabled":false,"foreignInstall":true,"hasBinaryComponents":false,"strictCompatibility":false,"locales":[],"targetApplications":[{"id":"toolkit@mozilla.org","minVersion":"30.0a1","maxVersion":"35.0"},{"id":"{ec8030f7-c20a-464f-9b0e-13a3a9e97384}","minVersion":"30.0a1","maxVersion":"35.0"}],"targetPlatforms":[]},{"id":"clearConsole@penzil.com","syncGUID":"ZZS0B2jdbYLM","location":"app-profile","version":"1.11","type":"extension","internalName":null,"updateURL":null,"updateKey":null,"optionsURL":"chrome://clearConsole/content/clearConsoleOptions.xul","optionsType":null,"aboutURL":"chrome://clearConsole/content/about.xul","iconURL":"chrome://clearConsole/skin/clearConsole.png","icon64URL":null,"defaultLocale":{"name":"Clear Console","description":"Clear your cache, cookies, history, http logins, all of them or restart your browser with/without notifications in a click.","creator":"PenZil","homepageURL":"http://PenZil-clearConsole.blogspot.com","developers":["Rejah Rehim A A","Sreenath Sasikumar"]},"visible":true,"active":true,"userDisabled":false,"appDisabled":false,"descriptor":"E:\\selenium-2.42.2\\firefoxProfileTemplate\\extensions\\clearConsole@penzil.com.xpi","installDate":1407311690833,"updateDate":1410495909272,"applyBackgroundUpdates":1,"bootstrap":false,"size":76509,"sourceURI":"https://addons.cdn.mozilla.net/user-media/addons/409964/clear_console-1.11-fx.xpi","releaseNotesURI":"https://addons.mozilla.org/versions/updateInfo/1597656/en-US/","softDisabled":false,"foreignInstall":true,"hasBinaryComponents":false,"strictCompatibility":false,"locales":[],"targetApplications":[{"id":"{ec8030f7-c20a-464f-9b0e-13a3a9e97384}","minVersion":"4.0","maxVersion":"34.*"}],"targetPlatforms":[]},{"id":"{972ce4c6-7e08-4474-a285-3208198ce6fd}","syncGUID":"Q71VmUXx19A6","location":"app-global","version":"31.0","type":"theme","internalName":"classic/1.0","updateURL":null,"updateKey":null,"optionsURL":null,"optionsType":null,"aboutURL":null,"iconURL":null,"icon64URL":null,"defaultLocale":{"name":"Default","description":"The default theme.","creator":"Mozilla","homepageURL":null,"contributors":["Mozilla Contributors"]},"visible":true,"active":true,"userDisabled":false,"appDisabled":false,"descriptor":"C:\\Users\\carey.yang\\AppData\\Local\\Mozilla Firefox\\browser\\extensions\\{972ce4c6-7e08-4474-a285-3208198ce6fd}","installDate":1406529138231,"updateDate":1406529138231,"applyBackgroundUpdates":1,"skinnable":true,"size":3504,"sourceURI":null,"releaseNotesURI":null,"softDisabled":false,"foreignInstall":false,"hasBinaryComponents":false,"strictCompatibility":true,"locales":[],"targetApplications":[{"id":"{ec8030f7-c20a-464f-9b0e-13a3a9e97384}","minVersion":"31.0","maxVersion":"31.0"}],"targetPlatforms":[]}]}