{"upgradedFrom":null,"uninstallReason":"NOT_APPLICABLE","_entityID":null,"forensicsID":"69e6351d-d568-42bb-946d-d7400da6cadc","_installInProgress":false,"_everCompatible":false,"reportedWindowsVersion":null,"actualWindowsVersion":null,"firstNotifyDay":0,"lastNotifyDay":0,"downloadAttempts":0,"downloadFailures":0,"installAttempts":0,"installSuccesses":0,"installLauncherFailures":0,"installFailures":0,"notificationsShown":0,"notificationsClicked":0,"notificationsDismissed":0,"notificationsRemoved":0,"launcherExitCodes":{}}