{"title":"","id":1,"dateAdded":1407289432469000,"lastModified":1407312951548000,"type":"text/x-moz-place-container","root":"placesRoot","children":[{"title":"Bookmarks Menu","id":2,"parent":1,"dateAdded":1407289432469000,"lastModified":1407289748693000,"type":"text/x-moz-place-container","root":"bookmarksMenuFolder","children":[{"title":"Recently Bookmarked","id":13,"parent":2,"annos":[{"name":"Places/SmartBookmark","flags":0,"expires":4,"value":"RecentlyBookmarked"}],"type":"text/x-moz-place","uri":"place:folder=BOOKMARKS_MENU&folder=UNFILED_BOOKMARKS&folder=TOOLBAR&sort=12&excludeQueries=1&maxResults=10&queryType=1"},{"index":1,"title":"Recent Tags","id":14,"parent":2,"annos":[{"name":"Places/SmartBookmark","flags":0,"expires":4,"value":"RecentTags"}],"type":"text/x-moz-place","uri":"place:sort=14&type=6&maxResults=10&queryType=1"},{"index":2,"title":"","id":15,"parent":2,"dateAdded":1407289433590000,"lastModified":1407289433590000,"type":"text/x-moz-place-separator"},{"index":3,"title":"Mozilla Firefox","id":7,"parent":2,"dateAdded":1407289433483000,"lastModified":1407289433489000,"type":"text/x-moz-place-container","children":[{"title":"Help and Tutorials","id":8,"parent":7,"dateAdded":1407289433484000,"lastModified":1407289433485000,"type":"text/x-moz-place","uri":"https://www.mozilla.org/en-US/firefox/help/"},{"index":1,"title":"Customize Firefox","id":9,"parent":7,"dateAdded":1407289433486000,"lastModified":1407289433486000,"type":"text/x-moz-place","uri":"https://www.mozilla.org/en-US/firefox/customize/"},{"index":2,"title":"Get Involved","id":10,"parent":7,"dateAdded":1407289433487000,"lastModified":1407289433488000,"type":"text/x-moz-place","uri":"https://www.mozilla.org/en-US/contribute/"},{"index":3,"title":"About Us","id":11,"parent":7,"dateAdded":1407289433489000,"lastModified":1407289433489000,"type":"text/x-moz-place","uri":"https://www.mozilla.org/en-US/about/"}]}]},{"index":1,"title":"Bookmarks Toolbar","id":3,"parent":1,"dateAdded":1407289432469000,"lastModified":1407289748693000,"annos":[{"name":"bookmarkProperties/description","flags":0,"expires":4,"value":"Add bookmarks to this folder to see them displayed on the Bookmarks Toolbar"}],"type":"text/x-moz-place-container","root":"toolbarFolder","children":[{"title":"Most Visited","id":12,"parent":3,"annos":[{"name":"Places/SmartBookmark","flags":0,"expires":4,"value":"MostVisited"}],"type":"text/x-moz-place","uri":"place:sort=8&maxResults=10"},{"index":1,"title":"Getting Started","id":6,"parent":3,"dateAdded":1407289433482000,"lastModified":1407289433482000,"type":"text/x-moz-place","uri":"https://www.mozilla.org/en-US/firefox/central/"},{"index":2,"title":"乾坤车城-测试前台-手机版","id":16,"parent":3,"dateAdded":1407289675076000,"lastModified":1407289695310000,"annos":[{"name":"bookmarkProperties/description","flags":0,"expires":4,"value":"抢特价车到福州乾坤车城www.qk.cc，周周有抢车"}],"type":"text/x-moz-place","uri":"http://dev-qksite.suryani.cn/mobile2/i","charset":"UTF-8"},{"index":3,"title":"乾坤车城-产品前台-手机版","id":17,"parent":3,"dateAdded":1407289735988000,"lastModified":1407289748030000,"annos":[{"name":"bookmarkProperties/description","flags":0,"expires":4,"value":"抢特价车到福州乾坤车城www.qk.cc，周周有抢车"}],"type":"text/x-moz-place","uri":"http://m.qk.cc/mobile2","charset":"UTF-8"}]},{"index":2,"title":"Tags","id":4,"parent":1,"dateAdded":1407289432469000,"lastModified":1407289432469000,"type":"text/x-moz-place-container","root":"tagsFolder","children":[]},{"index":3,"title":"Unsorted Bookmarks","id":5,"parent":1,"dateAdded":1407289432469000,"lastModified":1407289433479000,"type":"text/x-moz-place-container","root":"unfiledBookmarksFolder","children":[]}]}