{"children":[{"id":2,"guid":"UhDGOZsAuEfY","title":"Bookmarks Menu","index":0,"dateAdded":1407289432469000,"lastModified":1410417570218000,"type":"text/x-moz-place-container","root":"bookmarksMenuFolder","children":[{"id":13,"guid":"0cLaPwciindx","title":"Recently Bookmarked","index":0,"dateAdded":1407289433588000,"lastModified":1407289433589000,"annos":[{"name":"Places/SmartBookmark","flags":0,"expires":4,"value":"RecentlyBookmarked"}],"type":"text/x-moz-place","uri":"place:folder=BOOKMARKS_MENU&folder=UNFILED_BOOKMARKS&folder=TOOLBAR&queryType=1&sort=12&maxResults=10&excludeQueries=1"},{"id":14,"guid":"U4n9VVbvtf3D","title":"Recent Tags","index":1,"dateAdded":1407289433589000,"lastModified":1407289433589000,"annos":[{"name":"Places/SmartBookmark","flags":0,"expires":4,"value":"RecentTags"}],"type":"text/x-moz-place","uri":"place:type=6&sort=14&maxResults=10"},{"id":15,"guid":"Mk0VL0b4QfXB","title":"","index":2,"dateAdded":1407289433590000,"lastModified":1407289433590000,"type":"text/x-moz-place-separator"},{"id":7,"guid":"-Du1XkpgbGT8","title":"Mozilla Firefox","index":3,"dateAdded":1407289433483000,"lastModified":1407289433489000,"type":"text/x-moz-place-container","children":[{"id":8,"guid":"FacsGn3AOR_d","title":"Help and Tutorials","index":0,"dateAdded":1407289433484000,"lastModified":1407289433485000,"type":"text/x-moz-place","uri":"https://www.mozilla.org/en-US/firefox/help/","iconuri":"http://www.mozilla.org/2005/made-up-favicon/0-1407289433485"},{"id":9,"guid":"0Bl9AImyaXoQ","title":"Customize Firefox","index":1,"dateAdded":1407289433486000,"lastModified":1407289433486000,"type":"text/x-moz-place","uri":"https://www.mozilla.org/en-US/firefox/customize/","iconuri":"http://www.mozilla.org/2005/made-up-favicon/1-1407289433487"},{"id":10,"guid":"snVMD94hxVqh","title":"Get Involved","index":2,"dateAdded":1407289433487000,"lastModified":1407289433488000,"type":"text/x-moz-place","uri":"https://www.mozilla.org/en-US/contribute/","iconuri":"http://www.mozilla.org/2005/made-up-favicon/2-1407289433488"},{"id":11,"guid":"sOOBM8WrGR8b","title":"About Us","index":3,"dateAdded":1407289433489000,"lastModified":1407289433489000,"type":"text/x-moz-place","uri":"https://www.mozilla.org/en-US/about/","iconuri":"http://www.mozilla.org/2005/made-up-favicon/3-1407289433490"}]}]},{"id":3,"guid":"5ANFBAKVstEo","title":"Bookmarks Toolbar","index":1,"dateAdded":1407289432469000,"lastModified":1410417570218000,"annos":[{"name":"bookmarkProperties/description","flags":0,"expires":4,"value":"Add bookmarks to this folder to see them displayed on the Bookmarks Toolbar"}],"type":"text/x-moz-place-container","root":"toolbarFolder","children":[{"id":12,"guid":"1H1gkGylQYG8","title":"Most Visited","index":0,"dateAdded":1407289433588000,"lastModified":1407289433588000,"annos":[{"name":"Places/SmartBookmark","flags":0,"expires":4,"value":"MostVisited"}],"type":"text/x-moz-place","uri":"place:sort=8&maxResults=10"},{"id":6,"guid":"3CZD5R3A-9We","title":"Getting Started","index":1,"dateAdded":1407289433482000,"lastModified":1407289433482000,"type":"text/x-moz-place","uri":"https://www.mozilla.org/en-US/firefox/central/"},{"id":16,"guid":"y4wv7adKSC6L","title":"乾坤车城-测试前台-手机版","index":2,"dateAdded":1407289675076000,"lastModified":1407289695310000,"annos":[{"name":"bookmarkProperties/description","flags":0,"expires":4,"value":"抢特价车到福州乾坤车城www.qk.cc，周周有抢车"}],"type":"text/x-moz-place","uri":"http://dev-qksite.suryani.cn/mobile2/i","charset":"UTF-8","iconuri":"http://dev-qksite.suryani.cn/favicon.ico"},{"id":17,"guid":"HWOAmjQ_dYOJ","title":"乾坤车城-产品前台-手机版","index":3,"dateAdded":1407289735988000,"lastModified":1407289748030000,"annos":[{"name":"bookmarkProperties/description","flags":0,"expires":4,"value":"抢特价车到福州乾坤车城www.qk.cc，周周有抢车"}],"type":"text/x-moz-place","uri":"http://m.qk.cc/mobile2","charset":"UTF-8","iconuri":"http://m.qk.cc/favicon.ico"},{"id":26,"guid":"ro8jDz8qg6kF","title":"乾坤车城-QA-前台-手机","index":4,"dateAdded":1408418004768000,"lastModified":1408418025142000,"annos":[{"name":"bookmarkProperties/description","flags":0,"expires":4,"value":"抢特价车到福州乾坤车城www.qk.cc，周周有抢车"}],"type":"text/x-moz-place","uri":"http://qa-qksite.suryani.cn:8080/mobile2/i","iconuri":"http://qa-qksite.suryani.cn:8080/favicon.ico"},{"id":27,"guid":"2HQsCwr0odDo","title":"Google Analytics","index":5,"dateAdded":1410417563436000,"lastModified":1410417563618000,"annos":[{"name":"bookmarkProperties/description","flags":0,"expires":4,"value":""}],"type":"text/x-moz-place","uri":"https://www.google.com/analytics/web/?hl=zh-CN#home/a50241921w82182128p85096431/"}]},{"id":5,"guid":"a6FPJwbbkSIM","title":"Unsorted Bookmarks","index":3,"dateAdded":1407289432469000,"lastModified":1408418081027000,"type":"text/x-moz-place-container","root":"unfiledBookmarksFolder"}]}